{
  "benchmark": "oracle_execution",
  "timestamp": "2026-02-02T03:05:40.974815Z",
  "iterations": 100,
  "metrics": {
    "Semantic": {
      "count": 100,
      "min_ms": 0.09507299910183065,
      "max_ms": 10.690737999539124,
      "mean_ms": 0.2750734299479518,
      "median_ms": 0.14882049981679302,
      "stdev_ms": 1.057857822781833,
      "p95_ms": 0.3710950004460756,
      "p99_ms": 10.690737999539124,
      "cache_hit_rate": 0.99,
      "throughput_per_sec": 3635.3929210437213
    },
    "Arith": {
      "count": 100,
      "min_ms": 0.09577799937687814,
      "max_ms": 10.935166001218022,
      "mean_ms": 0.2815980699415377,
      "median_ms": 0.15632899976480985,
      "stdev_ms": 1.0782435772517902,
      "p95_ms": 0.3974310002377024,
      "p99_ms": 10.935166001218022,
      "cache_hit_rate": 0.99,
      "throughput_per_sec": 3551.160702939509
    },
    "FileExists": {
      "count": 100,
      "min_ms": 0.0927479995880276,
      "max_ms": 14.21332599966263,
      "mean_ms": 0.3020455900878005,
      "median_ms": 0.14296300014393637,
      "stdev_ms": 1.4070685569333135,
      "p95_ms": 0.34940300065500196,
      "p99_ms": 14.21332599966263,
      "cache_hit_rate": 0.99,
      "throughput_per_sec": 3310.75848420536
    },
    "TimeNow": {
      "count": 100,
      "min_ms": 0.09438800043426454,
      "max_ms": 0.981004999630386,
      "mean_ms": 0.16492754000864807,
      "median_ms": 0.13373199999477947,
      "stdev_ms": 0.1439848892162802,
      "p95_ms": 0.4237709999870276,
      "p99_ms": 0.981004999630386,
      "cache_hit_rate": 1.0,
      "throughput_per_sec": 6063.268753948337
    },
    "MemoryStore": {
      "count": 100,
      "min_ms": 0.09371199848828837,
      "max_ms": 10.892188000070746,
      "mean_ms": 0.27231083002334344,
      "median_ms": 0.14968800041970098,
      "stdev_ms": 1.0748862734919569,
      "p95_ms": 0.32231799923465587,
      "p99_ms": 10.892188000070746,
      "cache_hit_rate": 0.99,
      "throughput_per_sec": 3672.2740697249405
    },
    "MemoryRetrieve": {
      "count": 100,
      "min_ms": 0.09347100058221258,
      "max_ms": 14.238773001125082,
      "mean_ms": 0.31400860989379,
      "median_ms": 0.1449489991500741,
      "stdev_ms": 1.4089598379578052,
      "p95_ms": 0.3741729997273069,
      "p99_ms": 14.238773001125082,
      "cache_hit_rate": 0.99,
      "throughput_per_sec": 3184.6260532099395
    }
  }
}