{
  "config": {
    "n_attributes": 4,
    "n_values": 8,
    "vocab_size": 32,
    "msg_len": 4,
    "hidden_dim": 256,
    "n_distractors": 3,
    "batch_size": 512,
    "n_steps": 20000,
    "seed": 42,
    "device": "CUDA"
  },
  "final_metrics": {
    "accuracy": 0.994140625,
    "topographic_similarity": 0.41787404450693794,
    "disentanglement_score": 0.2999893268370719,
    "mi_matrix": [
      [
        0.39424718584484825,
        1.9687985175545235,
        0.002600793950650776,
        0.6447599408211385
      ],
      [
        1.027068847378549,
        0.6402808815186113,
        0.0012656497209941194,
        1.2594300849143703
      ],
      [
        1.8991395116961423,
        0.41092145915709816,
        0.0008415538850205753,
        0.7712414838272266
      ],
      [
        0.49469243361171444,
        1.0476642838778611,
        0.0012617416759417204,
        1.4476934470774376
      ]
    ],
    "info_density": {
      "message_entropy_bits": 9.118152376589213,
      "needed_bits": 12.0,
      "max_capacity_bits": 20.0,
      "efficiency": 0.7598460313824345,
      "utilization": 0.4559076188294607
    }
  },
  "training_history": {
    "step": [
      0,
      500,
      1000,
      1500,
      2000,
      2500,
      3000,
      3500,
      4000,
      4500,
      5000,
      5500,
      6000,
      6500,
      7000,
      7500,
      8000,
      8500,
      9000,
      9500,
      10000,
      10500,
      11000,
      11500,
      12000,
      12500,
      13000,
      13500,
      14000,
      14500,
      15000,
      15500,
      16000,
      16500,
      17000,
      17500,
      18000,
      18500,
      19000,
      19500,
      19999
    ],
    "loss": [
      1.3876068592071533,
      0.09562487155199051,
      0.045734621584415436,
      0.03533470258116722,
      0.027404405176639557,
      0.029629256576299667,
      0.04080162197351456,
      0.020545387640595436,
      0.029538655653595924,
      0.014868853613734245,
      0.012950785458087921,
      0.013138893991708755,
      0.015213217586278915,
      0.029833121225237846,
      0.011117001995444298,
      0.010405990295112133,
      0.017999006435275078,
      0.019741090014576912,
      0.00944091659039259,
      0.007286446169018745,
      0.022642262279987335,
      0.011779509484767914,
      0.02426285110414028,
      0.007906485348939896,
      0.008046425879001617,
      0.010969625785946846,
      0.00808749906718731,
      0.007516602519899607,
      0.037822648882865906,
      0.004269812721759081,
      0.003965610172599554,
      0.02235058695077896,
      0.004108283668756485,
      0.007134707644581795,
      0.017522946000099182,
      0.0008351486758328974,
      0.013148682191967964,
      0.00674370676279068,
      0.006413360591977835,
      0.009364393539726734,
      0.007851856760680676
    ],
    "accuracy": [
      0.224609375,
      0.94921875,
      0.982421875,
      0.984375,
      0.98828125,
      0.984375,
      0.98046875,
      0.9921875,
      0.98828125,
      0.994140625,
      0.994140625,
      0.994140625,
      0.9921875,
      0.984375,
      0.998046875,
      0.99609375,
      0.99609375,
      0.9921875,
      0.998046875,
      0.994140625,
      0.98828125,
      0.994140625,
      0.990234375,
      0.99609375,
      0.9921875,
      0.994140625,
      0.99609375,
      0.998046875,
      0.98828125,
      1.0,
      0.998046875,
      0.986328125,
      1.0,
      1.0,
      0.998046875,
      1.0,
      0.9921875,
      0.998046875,
      0.998046875,
      0.994140625,
      0.994140625
    ],
    "temperature": [
      2.0,
      1.8660659830736148,
      1.7411011265922482,
      1.6245047927124712,
      1.515716566510398,
      1.4142135623730951,
      1.3195079107728942,
      1.2311444133449163,
      1.1486983549970349,
      1.0717734625362931,
      1.0,
      0.9330329915368074,
      0.8705505632961241,
      0.8122523963562355,
      0.7578582832551991,
      0.7071067811865476,
      0.6597539553864471,
      0.6155722066724582,
      0.5743491774985174,
      0.5358867312681466,
      0.5,
      0.5,
      0.5,
      0.5,
      0.5,
      0.5,
      0.5,
      0.5,
      0.5,
      0.5,
      0.5,
      0.5,
      0.5,
      0.5,
      0.5,
      0.5,
      0.5,
      0.5,
      0.5,
      0.5,
      0.5
    ],
    "msg_entropy": [
      11.9970703125,
      8.284709801570134,
      8.738900872478538,
      8.934090430132718,
      9.138195229670563,
      9.210376418026001,
      9.354716396643564,
      9.373629550817967,
      9.399665711080933,
      9.40052557061957,
      9.455775106363255,
      9.413413212951141,
      9.498752825442741,
      9.5200986692337,
      9.520597289994727,
      9.530327919085712,
      9.446567881774884,
      9.449890933182141,
      9.39801598425382,
      9.378020967942838,
      9.354327103323566,
      9.287119261184559,
      9.293389277148949,
      9.298897356015008,
      9.321598482985555,
      9.295015629915747,
      9.249016458136182,
      9.24409813100454,
      9.25752125035189,
      9.175405869799548,
      9.206884769600839,
      9.222680518606936,
      9.21891487926117,
      9.159629437215273,
      9.198570610555166,
      9.127139115752215,
      9.154621382666894,
      9.158575088891432,
      9.097503428924611,
      9.202116369461459,
      9.096283337205746
    ],
    "topsim": [
      0.005582394689352025,
      0.27279952998575435,
      0.2824458232701212,
      0.2844586073501083,
      0.28694408220485457,
      0.2963740472063139,
      0.30593639592314,
      0.2991879022371257,
      0.29768990850748644,
      0.2993765633072675,
      0.3131138970102276,
      0.31000849934944846,
      0.30776791158372274,
      0.3203887308585663,
      0.3352725335638165,
      0.32797745219234586,
      0.3325875832992239,
      0.3291493838602382,
      0.3461156658291446,
      0.3502953617369844,
      0.3303435408677791,
      0.3499575752158548,
      0.3367708483352617,
      0.3508798676314128,
      0.34229782660910824,
      0.35715089684569346,
      0.3528642340662931,
      0.3558861932409361,
      0.3772987398684283,
      0.37234003427132206,
      0.3820909639788229,
      0.3812854960596347,
      0.3925708655087733,
      0.374679140253189,
      0.3855579291882197,
      0.3897567775033009,
      0.3967140389042263,
      0.39107012177571493,
      0.4155639252332786,
      0.404736898932633,
      0.41787404450693794
    ]
  },
  "limn_comparison": {
    "compositionality": {
      "topsim": 0.41787404450693794,
      "interpretation": "HIGH (>0.4): Protocol is compositional \u2014 similar objects get similar messages. Parallels Limn's compositional operator design."
    },
    "disentanglement": {
      "mi_matrix": [
        [
          0.39424718584484825,
          1.9687985175545235,
          0.002600793950650776,
          0.6447599408211385
        ],
        [
          1.027068847378549,
          0.6402808815186113,
          0.0012656497209941194,
          1.2594300849143703
        ],
        [
          1.8991395116961423,
          0.41092145915709816,
          0.0008415538850205753,
          0.7712414838272266
        ],
        [
          0.49469243361171444,
          1.0476642838778611,
          0.0012617416759417204,
          1.4476934470774376
        ]
      ],
      "interpretation": "Rows = message positions, columns = attributes. Limn analogy: @ projects one dimension, * blends two, ^ scales. Diagonal MI = Limn-like disentangled encoding."
    },
    "information_density": {
      "emerged_efficiency": 0.7598460313824345,
      "emerged_bits_per_token": 2.2795380941473034,
      "limn_comparison": "Emerged: 9.1 bits in 4 tokens = 2.28 bits/token. Limn: 14.9 compressed bits/semantic unit vs English 30.8. Efficiency: 76.0%."
    }
  }
}