{
  "mean_similarity": 0.162632554769516,
  "std_similarity": 0.09079591184854507,
  "mean_top_10_similarity": 0.4519408941268921,
  "vocabulary_size": 902,
  "embedding_dim": 384
}