{
  "contradiction_scores": [
    0.8232325911521912,
    0.8174580335617065,
    0.8306831121444702,
    0.9198708534240723,
    0.8450307250022888
  ],
  "valid_scores": [
    0.8994535803794861,
    0.9292012453079224,
    0.8991304636001587,
    0.8490408658981323,
    0.8812640905380249,
    0.837852418422699,
    0.8364562392234802,
    0.857602596282959,
    0.8617136478424072
  ],
  "contradiction_mean": 0.8472550511360168,
  "valid_mean": 0.8724128007888794,
  "difference": 0.02515774965286255,
  "p_value": 0.2281235158443451,
  "cohens_d": 0.7694550156593323
}