{
  "limn_mean": 0.8803991675376892,
  "english_mean": 0.5793230533599854,
  "limn_scores": [
    0.8994535803794861,
    0.9292012453079224,
    0.8991304636001587,
    0.8490408658981323,
    0.8812640905380249,
    0.8945400714874268,
    0.9381357431411743,
    0.837852418422699,
    0.8364562392234802,
    0.857602596282959,
    0.8617136478424072
  ],
  "english_scores": [
    0.5979015827178955,
    0.9197117686271667,
    0.48759108781814575,
    0.3987807035446167,
    0.6714001893997192,
    0.5587872266769409,
    0.5917227268218994,
    0.6334683299064636,
    0.4470330476760864,
    0.6992967128753662,
    0.36686062812805176
  ]
}